codsap;codas400;descripcion;ubicacion;categoria
600216;2002;DIARI DEL PACIENT(MAPA)  Mod 2002;FOTOCOPIA;DOCUMENTS
600219;2006;HOJA CONTROL GLUCEMIAS CAPIL  Mod 2006;FOTOCOPIA;DOCUMENTS
600224;2012;H.C MARCAJE DEL ESTOMA  Mod 2012;FOTOCOPIA;DOCUMENTS
600226;2015;H.C FULL DE TRACTAMENT FARMA  Mod 2015;FOTOCOPIA;DOCUMENTS
600227;2016;DEP.ENFER.FAV:SEGUI Y CUID E  Mod 2016;FOTOCOPIA;DOCUMENTS
600228;2017;H.C FULL DE TRACTAMENT  Mod 2017;FOTOCOPIA;DOCUMENTS
600236;2031;UNIDAD UROD.FLUJOMETR.FISIO  Mod 2031;FOTOCOPIA;DOCUMENTS
600239;2035;HOJA ACEPTACION AUTOINYEC  Mod 2035;FOTOCOPIA;DOCUMENTS
600242;204;AUTORIZACION AUSENCIA CENTRO  Mod 2040;FOTOCOPIA;DOCUMENTS
600243;2041;VALOR.INT SIMPTOMATOL.PROSTA  Mod 2041;FOTOCOPIA;DOCUMENTS
600244;2042;REGISTRO DIARIO MICCIONAL  Mod 2042;FOTOCOPIA;DOCUMENTS
600245;2043;PAD-TEST  Mod 2043;FOTOCOPIA;DOCUMENTS
600246;2044;H.C JUSTIFICANTES  Mod 2044;FOTOCOPIA;DOCUMENTS
600247;2045;H.C CALIDAD DE VIDA(I-QOL)  Mod 2045;FOTOCOPIA;DOCUMENTS
600248;2046;H.C CALIDAD VIDA (I-QOL-SF)  Mod 2046;FOTOCOPIA;DOCUMENTS
600252;2050;PAD TEST URODINAMIA  Mod 2050;FOTOCOPIA;DOCUMENTS
600253;2051;H.C CALIDAD DE VIDA(ICIQ-UI)  Mod 2051;FOTOCOPIA;DOCUMENTS
600256;2054;REGISTRO IDENTIF.DONAN.SEMEN  Mod 2054;FOTOCOPIA;DOCUMENTS
600257;2056;ANALGESIA POSTOPERATORIA  Mod 2056;FOTOCOPIA;DOCUMENTS
600258;2058;DEP.ENFER.REGIS.SEGUIM.(HTA)  Mod 2058;FOTOCOPIA;DOCUMENTS
600259;2059;SERVICIO LAB.PET.ANAT.PATOL  Mod 2059;FOTOCOPIA;DOCUMENTS
600265;2070;H.C REGISTRO ENFERMERIA RX  Mod 2070;FOTOCOPIA;DOCUMENTS
600268;2074;TEST INYECCION CAVERNOSA  Mod 2074;FOTOCOPIA;DOCUMENTS
600269;2075;EXPLORACIONES URODINAMICAS  Mod 2075;FOTOCOPIA;DOCUMENTS
600270;2076;H.C INDICACION DOLOR ESC.EVA  Mod 2076;FOTOCOPIA;DOCUMENTS
600272;2079;H.C REGISTRE QUIRÒFAN  Mod 2079;FOTOCOPIA;DOCUMENTS
600276;2085;SERV.LAB.ESTUDIO CITOLOGICO  Mod 2085;FOTOCOPIA;DOCUMENTS
600277;2087;DIARIO AUTOINYECCION CAVERN.  Mod 2087;FOTOCOPIA;DOCUMENTS
600278;2088;DEP.ENFER.HISTORIA ACCES VAS  Mod 2088;FOTOCOPIA;DOCUMENTS
600280;2090;H.C NOTA D´INGRES C/PROGRAM  Mod 2090;FOTOCOPIA;DOCUMENTS
600281;2091;UNIDAD DE URODI.FLUJ.PSICOL.  Mod 2091;FOTOCOPIA;DOCUMENTS
600282;2092;CUESTIONARIO VEJIGA HIPERAC.  Mod 2092;FOTOCOPIA;DOCUMENTS
600284;2094;IFORM.EVALU.DEMAN.TRAT.GADET  Mod 2094;FOTOCOPIA;DOCUMENTS
600289;2104;H.C HISTORIA DIETÉTICA  Mod 2104;FOTOCOPIA;DOCUMENTS
600290;2105;H.C INSTILACIÓN/ENDOSCOPIA  Mod 2105;FOTOCOPIA;DOCUMENTS
600294;2110;H.C VALORACION PRE-INGRESO  Mod 2110;FOTOCOPIA;DOCUMENTS
600295;2111;H.C CONTINUIDAD ASISTENCIAL  MOD.2111;FOTOCOPIA;DOCUMENTS
600296;2112;H.C PUNT.SIND.VEJIG(BPIC-SS)  Mod 2112;FOTOCOPIA;DOCUMENTS
600297;2113;H.C CONCILIACION MEDIC.INGRE  Mod 2113;FOTOCOPIA;DOCUMENTS
600302;2129;INDICACIONES MED.NO FARMACO.  Mod 2129;FOTOCOPIA;DOCUMENTS
600304;2131;IND.MED.CUR.DR.VILLAVICENCIO  Mod 2131;FOTOCOPIA;DOCUMENTS
600305;2132;IND.MED.CUR.DR.RUIZ CASTAÑE  Mod 2132;FOTOCOPIA;DOCUMENTS
600306;2133;IND.MED.CUR.DR.BALLARIN  Mod 2133;FOTOCOPIA;DOCUMENTS
600307;2134;DEP.ENFER.VAL.INTE SIN(I-PSS)  Mod 2134;FOTOCOPIA;DOCUMENTS
600318;2151;CUESTIONARIO AUTO.CONT.VEJI.  Mod 2151;FOTOCOPIA;DOCUMENTS
600322;3001;QUE ES ELMIRON(R)  Mod 3001;FOTOCOPIA;DOCUMENTS
600323;3003;PETICION CITOGENETICA  Mod 3003;FOTOCOPIA;DOCUMENTS
600324;3004;COMO SE DEBE UTIL.VALCYTE  Mod 3004;FOTOCOPIA;DOCUMENTS
600325;3005;PROTOCOL POST-EXPO RISC BIOL.  Mod 3005;FOTOCOPIA;DOCUMENTS
600326;3006;PROTOCOL EXP.RISC BIOL.PERSO  Mod 3006;FOTOCOPIA;DOCUMENTS
600328;3008;PERMISO ACTIV.CIENT Y/O VAC  Mod 3008;FOTOCOPIA;DOCUMENTS
600329;3009;INSTRUC.TRAB.EXP.RIESGO BIO  Mod 3009;FOTOCOPIA;DOCUMENTS
600330;3010;DEP.ENFER.BIOPSIA PROSTATA  Mod 3010;FOTOCOPIA;DOCUMENTS
600331;3011;SERVICIO FARMACIA(ERITROPOYE)  Mod 3011;FOTOCOPIA;DOCUMENTS
600333;3013;INSTRUC.POST-OPER.FOLICULAR  Mod 3013;FOTOCOPIA;DOCUMENTS
600334;3016;INFOR.PACI.NEFREC.LAPARO CAT  Mod 3016;FOTOCOPIA;DOCUMENTS
600335;3017;INFOR.PACI.ALT.ORQUIECTO.CAS  Mod 3017;FOTOCOPIA;DOCUMENTS
600337;3020;DEP.ENFER.SOL.LIC.CENTRE H.D  Mod 3020;FOTOCOPIA;DOCUMENTS
600339;3022;ADQUISICION FUERA DE GUIA  Mod 3022;FOTOCOPIA;DOCUMENTS
600340;3023;INFOR.VASECTOMIA CAS  Mod 3023;FOTOCOPIA;DOCUMENTS
600341;3024;INFOR.VASECTOMIA CAT  Mod 3024;FOTOCOPIA;DOCUMENTS
600344;3027;CONSULTA EXTERNA PROGRAMADA  Mod 3027;FOTOCOPIA;DOCUMENTS
600346;3030;INFOR.CAMB.PAUTA.ANTICO.AMBU.  Mod 3030;FOTOCOPIA;DOCUMENTS
600347;3031;INFORME D´AVALUACIÓ PERSONAL  Mod 3031;FOTOCOPIA;DOCUMENTS
600348;3032;DETERMINACIÓ SANG EN FEMTA  Mod 3032;FOTOCOPIA;DOCUMENTS
600350;3035;QUE FER PER RECOLLIR DOCUMEN.  Mod 3035;FOTOCOPIA;DOCUMENTS
600351;3036;PROGRAMA SEM INSTR Y Q.  Mod 3036;FOTOCOPIA;DOCUMENTS
600354;3039;TAREAS TEC. RX TURNO TARDE  Mod 3039;FOTOCOPIA;DOCUMENTS
600356;3043;PRESCRIPCIO MEDIC.ASSAIG CLI.  Mod 3043;FOTOCOPIA;DOCUMENTS
600357;3044;INFOR.PACI.NEFREC.LAPARO CAS  Mod 3044;FOTOCOPIA;DOCUMENTS
600358;3045;HOJA MONITARITZ.ANTIB.FP  Mod 3045;FOTOCOPIA;DOCUMENTS
600359;3046;HOJA ESQUEM.AGONIST.CICLE FIV  Mod 3046;FOTOCOPIA;DOCUMENTS
600360;3047;INSTRUC.POSTVASOVASTOMIA  Mod 3047;FOTOCOPIA;DOCUMENTS
600361;3048;INSTRUC.POST BIOPSIA TESTIC.  Mod 3048;FOTOCOPIA;DOCUMENTS
600363;3050;DEP.ENFER.FICHA DE EVALU.  Mod 3050;FOTOCOPIA;DOCUMENTS
600365;3052;ESQUEMA AGONISTA I CICLO FIV  Mod 3052;FOTOCOPIA;DOCUMENTS
600367;3054;CENTRAL ESTERIL.PET.MATERIAL  Mod 3054;FOTOCOPIA;DOCUMENTS
600368;3055;ANALISIS PREVIOS  Mod 3055;FOTOCOPIA;DOCUMENTS
600369;3056;DIALISIS SIN HOSPITALIZACION  Mod 3056;FOTOCOPIA;DOCUMENTS
600370;3058;INFOR.SOBRE DONAC.DE OVULOS  Mod 3058;FOTOCOPIA;DOCUMENTS
600373;3061;PETICION  PROGRAM.PREST.URG  Mod 3061;FOTOCOPIA;DOCUMENTS
600374;3062;PETICION DOCUMENTO ASISTEN  Mod 3062;FOTOCOPIA;DOCUMENTS
600375;3063;INFOR.PACI(RTU)TUMOR.VES.CAT  Mod 3063;FOTOCOPIA;DOCUMENTS
600376;3065;RECUENTO AUXILIARES UCIA  Mod 3065;FOTOCOPIA;DOCUMENTS
600377;3066;INSTRUC.POSTVASECTOMIA  Mod 3066;FOTOCOPIA;DOCUMENTS
600378;3067;TAREAS TEC. RX TURNO MAÑANA  Mod 3067;FOTOCOPIA;DOCUMENTS
600379;3068;HOJA DE SEGUIMI.SANIT/CONS  Mod 3068;FOTOCOPIA;DOCUMENTS
600380;3069;INFOR.PACIE.LISTA ESPERA FIV  Mod 3069;FOTOCOPIA;DOCUMENTS
600383;3075;TAREAS AUX. RX TURNO MAÑANA  Mod 3075;FOTOCOPIA;DOCUMENTS
600384;3076;PETICION INFORME MEDICO  Mod 3076;FOTOCOPIA;DOCUMENTS
600385;3077;HOJA ESQUEM.ANTAGO.CICLE FIV  Mod 3077;FOTOCOPIA;DOCUMENTS
600386;3078;ALTA SIN EMISION PROVIS.FAC  Mod 3078;FOTOCOPIA;DOCUMENTS
600388;3080;INFOR.PACI.ALT.ORQUIECTO.CAT  Mod 3080;FOTOCOPIA;DOCUMENTS
600389;3081;PETICION SUPLEMENTOS NOCHE  Mod 3081;FOTOCOPIA;DOCUMENTS
600390;3082;INSTRUC.RECOGIDA KIT ORINA  Mod 3082;FOTOCOPIA;DOCUMENTS
600391;3084;DEP.ENFER.CIRUGIAS SUSP.DIAR  Mod 3084;FOTOCOPIA;DOCUMENTS
600392;3085;INFOR.PACI.PROSTATEC.RAD.CAT  Mod 3085;FOTOCOPIA;DOCUMENTS
600393;3086;SOL.LICITUD H.D VACAN/TRASLL  Mod 3086;FOTOCOPIA;DOCUMENTS
600395;3088;TRATAMIENTO TUMOR PROST.RAD  Mod 3088;FOTOCOPIA;DOCUMENTS
600396;3090;COMPROMIS DE CONFID. I UTIL.  Mod 3090;FOTOCOPIA;DOCUMENTS
600397;3091;ENTREGA DE PIEZAS A.PATOLO.  Mod 3091;FOTOCOPIA;DOCUMENTS
600398;3092;INFOR.VASOVASOSTOMIA CAT  Mod 3092;FOTOCOPIA;DOCUMENTS
600399;3093;INFOR.VASOSASOSTOMIA CAS  Mod 3093;FOTOCOPIA;DOCUMENTS
600402;3096;CONTROL RASURADO  Mod 3096;FOTOCOPIA;DOCUMENTS
600403;3097;REGISTRO AYUNAS 1ªCLÍNICA  Mod 3097;FOTOCOPIA;DOCUMENTS
600404;3098;PROGRAMA CIRUGIAS LOCAL  Mod 3098;FOTOCOPIA;DOCUMENTS
600405;3099;RECETA MEDICA PRIVADO  Mod 3099;FOTOCOPIA;DOCUMENTS
600406;3101;CONFECCIÓN DIETAS 4ªCLÍNICA  Mod 3101;FOTOCOPIA;DOCUMENTS
600407;3102;DEP.ENFER.QUIR.RESP.INTR.DAT  Mod 3102;FOTOCOPIA;DOCUMENTS
600408;3103;DEP.ENFER.TAREAS AUX.URG.T/M  Mod 3103;FOTOCOPIA;DOCUMENTS
600409;3104;DEP.ENFER.TAREAS ENFER.T/MAÑ  Mod 3104;FOTOCOPIA;DOCUMENTS
600410;3105;DEP.ENFER.TAREAS AUX.URG.T/N  Mod 3105;FOTOCOPIA;DOCUMENTS
600411;3106;DEP.ENFER.TAREAS AUX.URG.T/T  Mod 3106;FOTOCOPIA;DOCUMENTS
600412;3107;DEP.ENFER.TAREAS ENF.URG.T/N  Mod 3107;FOTOCOPIA;DOCUMENTS
600413;3108;DEP.ENFER.TAREAS ENF.URG.T/T  Mod 3108;FOTOCOPIA;DOCUMENTS
600414;3109;DEP.ENFER.TAREAS AUX.MAÑANA  Mod 3109;FOTOCOPIA;DOCUMENTS
600416;3111;DEP.ENFER.TAREAS AUX.TARDE  Mod 3111;FOTOCOPIA;DOCUMENTS
600417;3112;DEP.ENFER.TAREAS AUX.NOCHE  Mod 3112;FOTOCOPIA;DOCUMENTS
600418;3113;CAMBIO TURNO AUX.DOTAC.3ªCL  Mod 3113;FOTOCOPIA;DOCUMENTS
600419;3114;ENTREVISTA SEMESTRAL  Mod 3114;FOTOCOPIA;DOCUMENTS
600420;3115;CAMBIO TURNO AUX.DOTAC.2ªH  Mod 3115;FOTOCOPIA;DOCUMENTS
600421;3116;PROPUESTA DE INVERSIONES  Mod 3116;FOTOCOPIA;DOCUMENTS
600422;3117;DEP.ENFER.PROGRAM.TRAS.PACIE  Mod 3117;FOTOCOPIA;DOCUMENTS
600423;3118;DEP.ENFER.DESPLAZ.SANITARIO  Mod 3118;FOTOCOPIA;DOCUMENTS
600424;3119;DATOS CLIN.TRATAM.ANTICOAG.  Mod 3119;FOTOCOPIA;DOCUMENTS
600425;3120;DEP.ENFER.MONITORIZ.PRES.ART  Mod 3120;FOTOCOPIA;DOCUMENTS
600426;3121;HOJA DE PROGRAMACION GADET  Mod 3121;FOTOCOPIA;DOCUMENTS
600427;3122;INDICE INTERN.FUNC.ERECTIL  Mod 3122;FOTOCOPIA;DOCUMENTS
600431;3126;INFOR.PACI.PROSTATEC.RAD.CAS  Mod 3126;FOTOCOPIA;DOCUMENTS
600432;3127;AUTORIZACION AUSENTARSE  Mod 3127;FOTOCOPIA;DOCUMENTS
600433;3129;ENTREVISTA ANUAL  Mod 3129;FOTOCOPIA;DOCUMENTS
600434;3130;PETICION CIRUGIA VASCULAR  Mod 3130;FOTOCOPIA;DOCUMENTS
600441;3137;INFOR.MALALTIA PEYRONIE CAT  Mod 3137;FOTOCOPIA;DOCUMENTS
600442;3138;INFOR.MALALTIA PEYRONIE CAS  Mod 3138;FOTOCOPIA;DOCUMENTS
600443;3139;INFOR.CISTECTOMIA RAD/COND I  Mod 3139;FOTOCOPIA;DOCUMENTS
600444;3141;RECOMEN.MEDIDA PRESION ARTER.  Mod 3141;FOTOCOPIA;DOCUMENTS
600446;3143;DEP.ENFER.DOTAC.VARIOS.RECU  Mod 3143;FOTOCOPIA;DOCUMENTS
600447;3144;DEP.ENFER.DOT.INST.MET.UCIAS  Mod 3144;FOTOCOPIA;DOCUMENTS
600449;3146;INFOR.PROTESIS PENEANA CAS  Mod 3146;FOTOCOPIA;DOCUMENTS
600450;3147;INFOR.PROTESIS PENEANA CAT  Mod 3147;FOTOCOPIA;DOCUMENTS
600451;3148;INFOR.VARICOCELECT CAT  Mod 3148;FOTOCOPIA;DOCUMENTS
600452;3149;INFOR.VARICOCELECT CAS  Mod 3149;FOTOCOPIA;DOCUMENTS
600453;3150;REGISTRO AYUNAS 4ªCLÍNICA  Mod 3150;FOTOCOPIA;DOCUMENTS
600454;3152;INFOR.PACIENT PROHIB.FUMAR  Mod 3152;FOTOCOPIA;DOCUMENTS
600455;3153;INFOR.BIOPSIA TESTICULAR CAT  Mod 3153;FOTOCOPIA;DOCUMENTS
600456;3154;INFOR.BIOPSIA TESTICULAR CAS  Mod 3154;FOTOCOPIA;DOCUMENTS
600457;3155;REPROD.ASISTIDA HOJA EVOLUC.  Mod 3155;FOTOCOPIA;DOCUMENTS
600458;3156;INFOR.EPIDIDIMOVASOS CAT  Mod 3156;FOTOCOPIA;DOCUMENTS
600459;3157;INFOR.EPIDIDIMOVASOS CAS  Mod 3157;FOTOCOPIA;DOCUMENTS
600460;3159;RECETA CAVERJECT  Mod 3159;FOTOCOPIA;DOCUMENTS
600461;3160;INFOR.REC.QUIR.ESPERM CAT  Mod 3160;FOTOCOPIA;DOCUMENTS
600462;3161;INFOR.REC.QUIR.ESPERM CAST  Mod 3161;FOTOCOPIA;DOCUMENTS
600463;3162;CISTECTOMIA RADICAL  Mod 3162;FOTOCOPIA;DOCUMENTS
600465;3164;DEP.ENFER.CONTROL LENC/MANT  Mod 3164;FOTOCOPIA;DOCUMENTS
600466;3165;PETICION DOCUMENTACION CLIN  Mod 3165;FOTOCOPIA;DOCUMENTS
600467;3166;INSTRUC.POSTPOSTECTOMIA  Mod 3166;FOTOCOPIA;DOCUMENTS
600469;3169;INSTRUC.POST CORPOROPLASTIA  Mod 3169;FOTOCOPIA;DOCUMENTS
600470;3170;INFOR.DONACIÓ SANG(TRANSF)  Mod 3170;FOTOCOPIA;DOCUMENTS
600471;3171;INSTRUC.TRACTAMENT MITOMYCIN  Mod 3171;FOTOCOPIA;DOCUMENTS
600472;3172;INFOR.FOCALIT.SENSORIAL  Mod 3172;FOTOCOPIA;DOCUMENTS
600473;3174;DEP.ENFER.CONT.ENTR/REC ANAL  Mod 3174;FOTOCOPIA;DOCUMENTS
600474;3175;REGISTRO AYUNAS 2ªHOSPITAL  Mod 3175;FOTOCOPIA;DOCUMENTS
600475;3176;FACTURACIO REPRODUCCIO ASIST.  Mod 3176;FOTOCOPIA;DOCUMENTS
600476;3177;INFOR.HURTOS-PACIENTES  Mod 3177;FOTOCOPIA;DOCUMENTS
600478;3180;INSTRUC.ADMIN.VIAGRA  Mod 3180;FOTOCOPIA;DOCUMENTS
600479;3182;INFOR.DONACIÓ SANG INGRÉS  Mod 3182;FOTOCOPIA;DOCUMENTS
600480;3183;ANDROLOGIA IIS GRA  Mod 3183;FOTOCOPIA;DOCUMENTS
600481;3184;INSTRUC.ADMINISTRAR UPRIMA  Mod 3184;FOTOCOPIA;DOCUMENTS
600484;3189;INSTRUC.CPS  Mod 3189;FOTOCOPIA;DOCUMENTS
600485;3190;ANDROLOGIA II S  Mod 3190;FOTOCOPIA;DOCUMENTS
600486;3191;HOJA ESQUEM.CICLO INSEMIN.  Mod 3191;FOTOCOPIA;DOCUMENTS
600487;3192;INFOR.FOCALI.SENSORIAL  Mod 3192;FOTOCOPIA;DOCUMENTS
600489;3194;TEST FUNCIÓ PERITONEAL  Mod 3194;FOTOCOPIA;DOCUMENTS
600490;3195;GUIA PACIENTE HEMOD/CRÓNICA  Mod 3195;FOTOCOPIA;DOCUMENTS
600491;3196;QÜESTIONARI PREANALI.SEMEN  Mod 3196;FOTOCOPIA;DOCUMENTS
600492;3197;ANDROLOGIA IIS COR  Mod 3197;FOTOCOPIA;DOCUMENTS
600493;3198;CONFECCIÓN DIETAS 2ªHOSPITAL  Mod 3198;FOTOCOPIA;DOCUMENTS
600494;3199;ESTUDI BACTERIOLOG.SEMEN  Mod 3199;FOTOCOPIA;DOCUMENTS
600495;3200;INSTRUC.OBTEN-ENTREG SEMEN  Mod 3200;FOTOCOPIA;DOCUMENTS
600496;3201;CAMBIO TURNO AUX.DOTAC.4ªCL  Mod 3201;FOTOCOPIA;DOCUMENTS
600497;3202;CAMBIO TURNO AUX.DOTAC.1ªCL  Mod 3202;FOTOCOPIA;DOCUMENTS
600498;3203;CICLO FECUND IN VITRO MASCUL  Mod 3203;FOTOCOPIA;DOCUMENTS
600499;3204;GUIA PACIENTS HEMOD/CRÒNICA  Mod 3204;FOTOCOPIA;DOCUMENTS
600500;3205;CUSTÒDIA D´OBJECTE TROBAT  Mod 3205;FOTOCOPIA;DOCUMENTS
600501;3206;DOT.INSTRUM Y MATER MET.C.EX  Mod 3206;FOTOCOPIA;DOCUMENTS
600502;3207;NOTA INFORMATIVA PACIENT URG.  Mod 3207;FOTOCOPIA;DOCUMENTS
600503;3208;PLAN DE EMERGENCIA RRLL  Mod 3208;FOTOCOPIA;DOCUMENTS
600504;3209;INFOR.CLÍNICA LITROT/EXTRAC  Mod 3209;FOTOCOPIA;DOCUMENTS
600505;3211;REGISTRO AYUNAS 3ªCLÍNICA  Mod 3211;FOTOCOPIA;DOCUMENTS
600506;3212;PETICION ANATOMIA PATOLOGICA  Mod 3212;FOTOCOPIA;DOCUMENTS
600507;3214;INFOR.EXERCICIS KEGEL  Mod 3214;FOTOCOPIA;DOCUMENTS
600508;3215;ADQUISICIO FORA DE GUIA  Mod 3215;FOTOCOPIA;DOCUMENTS
600509;3216;ANDROLOGIA SAI  Mod 3216;FOTOCOPIA;DOCUMENTS
600510;3218;CAMBIO TURNO AUX.DOTAC.3ªH  Mod 3218;FOTOCOPIA;DOCUMENTS
600512;3221;PETICION PROVISIONAL TAC  Mod 3221;FOTOCOPIA;DOCUMENTS
600515;3225;INSTRUC.POSTVARICELECTOMIA  Mod 3225;FOTOCOPIA;DOCUMENTS
600516;3227;DEP.ENFER.UTILLAJE PRESTADO  Mod 3227;FOTOCOPIA;DOCUMENTS
600517;3230;DEP.ENFER.PLANIFIC.QUIRURG.  Mod 3230;FOTOCOPIA;DOCUMENTS
600518;3231;MATERIAL NO SANITARI DE CON.  Mod 3231;FOTOCOPIA;DOCUMENTS
600520;3233;DEP.ENFER.DOT.VARIS URGENC  Mod 3233;FOTOCOPIA;DOCUMENTS
600521;3234;PROTOCOL PER LA COMUN.RISCOS  Mod 3234;FOTOCOPIA;DOCUMENTS
600523;3236;INFORME ANALISI ACCIDENT  Mod 3236;FOTOCOPIA;DOCUMENTS
600525;3238;INFOR.CRIOTERAPIA CUTÁNEA  Mod 3238;FOTOCOPIA;DOCUMENTS
600526;3239;INSTRUC.REC.ESPERM.O.POST-OR  Mod 3239;FOTOCOPIA;DOCUMENTS
600528;3241;DEP.ENFER.DOTACION.RECUEN.U.  Mod 3241;FOTOCOPIA;DOCUMENTS
600529;3243;PLA ACTUACIÓ CAS D`EMERGENCIA  Mod 3243;FOTOCOPIA;DOCUMENTS
600531;3245;HOJA INFORMAT.DONACIÓ SEMEN  Mod 3245;FOTOCOPIA;DOCUMENTS
600532;3246;SOL.LICITUD  SANG B.QUIRUR.  Mod 3246;FOTOCOPIA;DOCUMENTS
600533;3247;QÚESTIONARI PRO.MILL.SEG.ANE  Mod 3247;FOTOCOPIA;DOCUMENTS
600534;3249;HIST.PROC.REPR.ASIS.ANDROLOG  Mod 3249;FOTOCOPIA;DOCUMENTS
600535;3250;INSEMINACIÓN ARTIF.DONANTE  Mod 3250;FOTOCOPIA;DOCUMENTS
600536;3252;NOTA INFORMATIVA CUES LABORA  Mod 3252;FOTOCOPIA;DOCUMENTS
600539;3255;HOJA ESTIMULACION/PUNCION  Mod 3255;FOTOCOPIA;DOCUMENTS
600540;3256;HIST.PROC.REPR.ASIS.INSEMINA  Mod 3256;FOTOCOPIA;DOCUMENTS
600541;3257;HIST.REPRO.ASIST.QUIROFANO  Mod 3257;FOTOCOPIA;DOCUMENTS
600542;3258;HIST.REPRO.ASIST.SEMEN  Mod 3258;FOTOCOPIA;DOCUMENTS
600543;3259;HIST.PROC.REPR.ASIS.FIV  Mod 3259;FOTOCOPIA;DOCUMENTS
600544;3260;HIST.PROC.REPR.ASIS.CONG/DES  Mod 3260;FOTOCOPIA;DOCUMENTS
600545;3261;HIST.REPRO.ASIST.TRANSFERENC  Mod 3261;FOTOCOPIA;DOCUMENTS
600546;3262;HIST.REPRO.ASIST.GESTACION  Mod 3262;FOTOCOPIA;DOCUMENTS
600547;3263;HIST.PROC.REPR.ASIS.RESULT.  Mod 3263;FOTOCOPIA;DOCUMENTS
600548;3264;DEP.ENFER.COMUNIC.GUARDIAS  Mod 3264;FOTOCOPIA;DOCUMENTS
600551;3268;DEP.ENFER.CAMB.TURN.QUIR/REA  Mod 3268;FOTOCOPIA;DOCUMENTS
600552;3270;PROGRAMA REPROD.ASSITIDA  Mod 3270;FOTOCOPIA;DOCUMENTS
600553;3271;DEP.ENFER.ACOMPAÑAR FAMIL UH  Mod 3271;FOTOCOPIA;DOCUMENTS
600557;3285;ACEPT.DONACIO PREEMBRIONES  Mod 3285;FOTOCOPIA;DOCUMENTS
600558;3286;PROGRAMA REP.ASIS.TEMP.BASAL  Mod 3286;FOTOCOPIA;DOCUMENTS
600559;3287;DEP.ENFER.DISFUNCION SEXUAL  Mod 3287;FOTOCOPIA;DOCUMENTS
600560;3288;ACEPT.DONACIO DE GAMETO  Mod 3288;FOTOCOPIA;DOCUMENTS
600564;3293;CONFECCIÓN DIETAS 3ªCLÍNICA  Mod 3293;FOTOCOPIA;DOCUMENTS
600565;3294;FICHA EVALUACIÓN ALUMNAS AUX  Mod 3294;FOTOCOPIA;DOCUMENTS
600566;3295;APERTURA PROCESO P.R.A  Mod 3295;FOTOCOPIA;DOCUMENTS
600567;3296;INFORME INTERVENCION AMBULAT.  Mod 3296;FOTOCOPIA;DOCUMENTS
600568;3297;ANDROLOGIA SAI-GRA  Mod 3297;FOTOCOPIA;DOCUMENTS
600569;3298;PLANTILLA ACTA  Mod 3298;FOTOCOPIA;DOCUMENTS
600570;3299;NORMAS HEPARINA MALALTS  Mod 3299;FOTOCOPIA;DOCUMENTS
600571;3300;PLANTILLA SOL.LICITUD INTERNA  Mod 3300;FOTOCOPIA;DOCUMENTS
600572;3301;PLANTILLA FAX  Mod 3301;FOTOCOPIA;DOCUMENTS
600573;3302;PLANTILLA PNT  Mod 3302;FOTOCOPIA;DOCUMENTS
600574;3303;ANDROLOGIA GRISS GRA  Mod 3303;FOTOCOPIA;DOCUMENTS
600575;3304;ANDROLOGIA GRISS C  Mod 3304;FOTOCOPIA;DOCUMENTS
600576;3305;ANDROLOGIA GRISS FEMENINO  Mod 3305;FOTOCOPIA;DOCUMENTS
600577;3306;PLANTILLA PROTOCOLO  Mod 3306;FOTOCOPIA;DOCUMENTS
600580;3309;PLANTILLA DOC.INT TREBALL  Mod 3309;FOTOCOPIA;DOCUMENTS
600581;3310;SERVICIO ANEST REAN H.INFOR  Mod 3310;FOTOCOPIA;DOCUMENTS
600582;3311;SOL.LICITUD ALTES/CANVIS PRES  Mod 3311;FOTOCOPIA;DOCUMENTS
600583;3312;ANDROLOGIA GRISS HOMBRE  Mod 3312;FOTOCOPIA;DOCUMENTS
600584;3313;INFOR.VISITAS Y ACOMPAÑANTES  Mod 3313;FOTOCOPIA;DOCUMENTS
600585;3314;PLANTILLA ACTA DE REUNIONES  Mod 3314;FOTOCOPIA;DOCUMENTS
600587;3316;PETICION CENA  Mod 3316;FOTOCOPIA;DOCUMENTS
600589;3321;ANDROLOGIA SAI-COR  Mod 3321;FOTOCOPIA;DOCUMENTS
600590;3322;HISTORIA CLINICA EYACULACION  Mod 3322;FOTOCOPIA;DOCUMENTS
600591;3324;AUTORIZACION RECOLLIDA ORINA  Mod 3324;FOTOCOPIA;DOCUMENTS
600592;3325;INFOR.ESTUDIO DEL RIGISCAN  Mod 3325;FOTOCOPIA;DOCUMENTS
600593;3326;INFOR.DR.BALLARIN-DR.SOLA  Mod 3326;FOTOCOPIA;DOCUMENTS
600594;3328;DEP.ENFER.PROGRA.CISTECTOMIA  Mod 3328;FOTOCOPIA;DOCUMENTS
600595;3329;DEP.ENFER.SEGUIMENT ESTOMA  Mod 3329;FOTOCOPIA;DOCUMENTS
600601;3335;MUSICOTERAPIA UTILITZACIÓ  Mod 3335;FOTOCOPIA;DOCUMENTS
600602;3336;MUSICOTERAPIA INSTRUCCIONS  Mod 3336;FOTOCOPIA;DOCUMENTS
600603;3337;MUSICOTERAPIA QÜESTIONARI F.  Mod 3337;FOTOCOPIA;DOCUMENTS
600604;3338;MUSICOTERAPIA UTILIZACIÓN  Mod 3338;FOTOCOPIA;DOCUMENTS
600605;3339;MUSICOTERAPIA INSTRUCCIONES  Mod 3339;FOTOCOPIA;DOCUMENTS
600606;3340;MUSICOTERAPIA CUESTIONARIO  Mod 3340;FOTOCOPIA;DOCUMENTS
600607;3341;REGISTRO CONT.BIOL.AUTOC.O.E  Mod 3341;FOTOCOPIA;DOCUMENTS
600608;3342;REGISTRO CONT.BIOL.STER.B.Q  Mod 3342;FOTOCOPIA;DOCUMENTS
600609;3343;REGISTRO CONT.BIOL.STER.ENDO  Mod 3343;FOTOCOPIA;DOCUMENTS
600610;3344;DEP.ENFER.URETROCISTOSCOPIA  Mod 3344 F;FOTOCOPIA;DOCUMENTS
600611;3345;DEP.ENFER.DILATACIO URETERAL  Mod 3345;FOTOCOPIA;DOCUMENTS
600612;3346;DEP.ENFER.TRAQUILADOS B.Q  Mod 3346;FOTOCOPIA;DOCUMENTS
600613;3347;REGISTRO CONT.BIOL.AUTOC.VAP  Mod 3347;FOTOCOPIA;DOCUMENTS
600615;3349;INFOR.PARELLES CONSUL.ESTERI  Mod 3349;FOTOCOPIA;DOCUMENTS
600618;3352;QÜESTIONARI ICIQ-UI  Mod 3352;FOTOCOPIA;DOCUMENTS
600619;3353;QÜESTIONARI SHIM  Mod 3353;FOTOCOPIA;DOCUMENTS
600620;3354;QÜESTIONARI CANCER PROSTATA  Mod 3354;FOTOCOPIA;DOCUMENTS
600621;3355;DEP.ENFER.¿QUE ES CATETER H.D? Mod 3355F;FOTOCOPIA;DOCUMENTS
600622;3356;DEP.ENFER.¿QUE ES GORETEX?  Mod 3356;FOTOCOPIA;DOCUMENTS
600623;3357;DEP.ENFER.FISTULA ARTER.H.D  Mod 3357;FOTOCOPIA;DOCUMENTS
600624;3358;GUIA PACIENTS PROG.HDCRO.CAT  Mod 3358;FOTOCOPIA;DOCUMENTS
600625;3359;GUIA PACIENTE PROG.HDCRO.CAS  Mod 3359;FOTOCOPIA;DOCUMENTS
600627;3361;DEP.ENFER.INST.VESI.BCG O MI  Mod 3361;FOTOCOPIA;DOCUMENTS
600628;3362;ESTUDI.FAC.PSIC.REP.ASIS.CAT  Mod 3362;FOTOCOPIA;DOCUMENTS
600629;3363;ESTUDI.FAC.PSIC.REP.ASIS.CAS  Mod 3363;FOTOCOPIA;DOCUMENTS
600630;3364;DEP.ENFER.CONSUL.URO.ESTOMAT  Mod 3364;FOTOCOPIA;DOCUMENTS
600631;3365;DEP.ENFER.INS.VES.FORM.SEDAN  Mod 3365;FOTOCOPIA;DOCUMENTS
600632;3366;INSTRUC.RECOLL.ORINA.CRISTAL  Mod 3366;FOTOCOPIA;DOCUMENTS
600637;3372;INFOR.INSEMIN.INTRAUTERINES  Mod 3372;FOTOCOPIA;DOCUMENTS
600638;3373;INSTRUC.PREINSEMINACIO  Mod 3373;FOTOCOPIA;DOCUMENTS
600639;3374;INSTRUC.POSTINSEMINACIÓ  Mod 3374;FOTOCOPIA;DOCUMENTS
600640;3375;TEMPERATURA BASAL  Mod 3375;FOTOCOPIA;DOCUMENTS
600641;3376;ESQUEMA INSEM.NORMORESPOSTA  Mod 3376;FOTOCOPIA;DOCUMENTS
600642;3377;ESQUEMA INSEMINACIO PCO  Mod 3377;FOTOCOPIA;DOCUMENTS
600644;3380;NEO MAMA  Mod 3380;FOTOCOPIA;DOCUMENTS
600645;3381;ANTAGONISTAS PCO  Mod 3381;FOTOCOPIA;DOCUMENTS
600646;3382;AGONISTAS PCO  Mod 3382;FOTOCOPIA;DOCUMENTS
600647;3383;NORMORESPOSTA MENOPUR  Mod 3383;FOTOCOPIA;DOCUMENTS
600648;3384;NORMORESPOSTA GONAL/LUVERIS  Mod 3384;FOTOCOPIA;DOCUMENTS
600649;3385;BAIXA RESPOSTA MENOPUR  Mod 3385;FOTOCOPIA;DOCUMENTS
600650;3386;BAIXA RESPOSTA GONAL/LUVERIS  Mod 3386;FOTOCOPIA;DOCUMENTS
600651;3388;INSTRUC.PRETRANSFER.EMBRION.  Mod 3388;FOTOCOPIA;DOCUMENTS
600652;3389;INTRUC.POSTTRANSFER.EMBRION.  Mod 3389;FOTOCOPIA;DOCUMENTS
600653;3390;INFOR.ESTUDIO GENÉTIC  Mod 3390;FOTOCOPIA;DOCUMENTS
600655;3392;INSTRUC.POST PUNCIO FOL.LICU  Mod 3392;FOTOCOPIA;DOCUMENTS
600656;3393;INSTRUC.PRE PUNCIO FOL.LICUL  Mod 3393;FOTOCOPIA;DOCUMENTS
600657;3394;CICLE TRANS.EMBRI.CONGELATS  Mod 3394;FOTOCOPIA;DOCUMENTS
600658;3395;INFOR.FIV CATALÀ  Mod 3395;FOTOCOPIA;DOCUMENTS
600659;3396;INFOR.PRA CASTELLANO  Mod 3396;FOTOCOPIA;DOCUMENTS
600660;3397;DIAGNÒSTIC GENÈTIC PREIMPLAN.  Mod 3397;FOTOCOPIA;DOCUMENTS
600661;3398;INFOR ESTERILITAT CATALÀ  Mod 3398;FOTOCOPIA;DOCUMENTS
600662;3399;INFOR.ESTERILIDAD CAST  Mod 3399;FOTOCOPIA;DOCUMENTS
600676;3421;DEP.ENFER.ESTERILI.ENDOS/GRA  Mod 3421;FOTOCOPIA;DOCUMENTS
600677;3424;DEP.ENFER.INGESTA DIÀRIA  Mod 3424;FOTOCOPIA;DOCUMENTS
600678;3425;DEP.ENFER.TECNICA VACUMM  Mod 3425;FOTOCOPIA;DOCUMENTS
600679;3426;DEP.ENFER.TESR DE KELAMI  Mod 3426;FOTOCOPIA;DOCUMENTS
600680;3427;DEP.ENFER.FOCAL-SENSOR CAST  Mod 3427;FOTOCOPIA;DOCUMENTS
600681;3428;DEP.ENFER.FOCAL-SENSOR CAT  Mod 3428;FOTOCOPIA;DOCUMENTS
600682;3430;DEP.ENFER.INY-INTRACAV.CAST  Mod 3430;FOTOCOPIA;DOCUMENTS
600683;3431;DEP.ENFER.INJ-INTRACAV.CAT  Mod 3431;FOTOCOPIA;DOCUMENTS
600684;3432;INSTRUC.ORINA INGRESADOS 24H  Mod 3432;FOTOCOPIA;DOCUMENTS
600686;3436;INFOR I ASIST.PACI.CIRU.ONCO  Mod 3436;FOTOCOPIA;DOCUMENTS
600687;3437;INFOR.ZYTIGA F.  Mod 3437;FOTOCOPIA;DOCUMENTS
600688;3438;HOHA DE FACTURACIO REP.ASIST  Mod 3438;FOTOCOPIA;DOCUMENTS
600689;3439;HOJA DE DERIVACION ANDROLOGIA  Mod 3439;FOTOCOPIA;DOCUMENTS
600691;3443;DEP.ENFER.CHECK-LIST TRANS.  Mod 3443;FOTOCOPIA;DOCUMENTS
600693;3445;INSTRUC.TRANSFER.EMBRIONARIA  Mod 3445;FOTOCOPIA;DOCUMENTS
600694;3446;INFOR.ANEST GEN/LOCOREG CAT  Mod 3446;FOTOCOPIA;DOCUMENTS
600695;3447;INFOR.ANEST GEN/LOCOREG CAST  Mod 3447;FOTOCOPIA;DOCUMENTS
600696;3448;DEP.ENFER.TASQUES VARIABLES  Mod 3448;FOTOCOPIA;DOCUMENTS
600697;3450;QUE ES LA MIMPARA?  Mod 3450;FOTOCOPIA;DOCUMENTS
600698;3451;QUE ES LA ERITROPOYETINA?  Mod 3451;FOTOCOPIA;DOCUMENTS
600699;3452;INFOR.SEDACION  Mod 3452;FOTOCOPIA;DOCUMENTS
600700;3454;DEP.ENFER.CIRC.HD PERITONEAL  Mod 3454;FOTOCOPIA;DOCUMENTS
600701;3455;INSTRUC.POST TRANSFE EMBRIO  Mod 3455;FOTOCOPIA;DOCUMENTS
600702;3456;DEP.ENFER.VACUNA.HEPATITIS B  Mod 3456;FOTOCOPIA;DOCUMENTS
600703;3458;DEP.ENFER.RECUE.MATER.C/TURN  Mod 3458;FOTOCOPIA;DOCUMENTS
600704;3459;SOL.LICITUD DRET OPOSICI.H.C  Mod 3459;FOTOCOPIA;DOCUMENTS
600705;3460;HOJA DE PROGRAMACIÓN POSTFAV  Mod 3460;FOTOCOPIA;DOCUMENTS
600706;3461;INTRUC.PREPAR.ENDOM.REC.OVOC  Mod 3461;FOTOCOPIA;DOCUMENTS
600707;3462;INSTRUC.CRIOTRANS.REC.OVOCIT  Mod 3462;FOTOCOPIA;DOCUMENTS
600708;3463;INTRUC.REC.OVO.FIN.REPRO.CAT  Mod 3463;FOTOCOPIA;DOCUMENTS
600709;3464;INTRUC.REC.OVO.FIN.REPRO.CAS  Mod 3464;FOTOCOPIA;DOCUMENTS
600710;3466;INFOR.CRIOPRES.PREV.OVOC CAS  Mod 3466;FOTOCOPIA;DOCUMENTS
600711;3467;INFOR.CRIOPR.PREVEN.OVOC.CAT  Mod 3467;FOTOCOPIA;DOCUMENTS
600712;3468;REGISTRE ENTR.LIS.ESPERA FIV  Mod 3468;FOTOCOPIA;DOCUMENTS
600714;3471;INFOR.SOBRE H.C COMPART.HC3  Mod 3471;FOTOCOPIA;DOCUMENTS
600715;3472;DEP.ENFER.EMBRI.DONA.FINA.CAT  Mod 3472;FOTOCOPIA;DOCUMENTS
600716;3473;DEP.ENFER.EMBRI.DONA.FINA.CAS  Mod 3473;FOTOCOPIA;DOCUMENTS
600717;3476;INSTRUC.HISTEROSCÒPIA  Mod 3476;FOTOCOPIA;DOCUMENTS
600718;3477;DEP.ENFER.HISTEROSCOPIA CAST  Mod 3477;FOTOCOPIA;DOCUMENTS
600719;3478;DEP.ENFER.HISTEROSCÒPIA CAT  Mod 3478;FOTOCOPIA;DOCUMENTS
600720;3479;INSTRUC.PRE HISTEROSCOPIA  Mod 3479;FOTOCOPIA;DOCUMENTS
600721;3480;CARTA CONVOCATORIA FIV  Mod 3480;FOTOCOPIA;DOCUMENTS
600722;3481;INSTRUC.DE MICROBACTERIS  Mod 3481;FOTOCOPIA;DOCUMENTS
600723;3484;COMO SE DEBE UTIL.VOTUBIA  Mod 3484;FOTOCOPIA;DOCUMENTS
600725;3489;ENZALUTAMIDA  Mod 3489;FOTOCOPIA;DOCUMENTS
600726;3490;INSTRUC.PROCED.ANESTESIA AMB  Mod 3490;FOTOCOPIA;DOCUMENTS
600727;3491;INFOR.PACIENT DIABET.INGRESS  Mod 3491;FOTOCOPIA;DOCUMENTS
600728;3492;INFOR.ALT.PAC.HIPER.GLUCO CAS  Mod 3492;FOTOCOPIA;DOCUMENTS
600729;3493;INFOR.ALT.PAC.HIPER.GLUCO CAT  Mod 3493;FOTOCOPIA;DOCUMENTS
600730;3494;INFOR.DIETA 1800 KCAL/3 COMI  Mod 3494;FOTOCOPIA;DOCUMENTS
600731;3495;DE.ENFER.AMOLOID.PRIMAR.CAST  Mod 3495;FOTOCOPIA;DOCUMENTS
600733;3497;DEP.ENFER.NEFRO.MESA.IGA.CAST  Mod 3497;FOTOCOPIA;DOCUMENTS
600734;3498;DEP.EMFER.NEFRO.MESA.IGA.CAT  Mod 3498;FOTOCOPIA;DOCUMENTS
600735;3499;DEP.ENFER.INFOR.NEFROP.MEMBR  Mod 3499;FOTOCOPIA;DOCUMENTS
600736;3500;DEP.ENFER.GLOMERUL.FOCAL.CAT  Mod 3500;FOTOCOPIA;DOCUMENTS
600737;3501;DEP.ENFER.GLOMERUL.FOC.SEGME  Mod 3501;FOTOCOPIA;DOCUMENTS
600738;3502;DEP.ENFER.ENFERM.GLOMERU.CAS  Mod 3502;FOTOCOPIA;DOCUMENTS
600739;3503;DEP.ENFER.ENFER.GLOMERU.CAT  Mod 3503;FOTOCOPIA;DOCUMENTS
600740;3504;DEP.ENFER.ENFER.LESION.MINI  Mod 3504;FOTOCOPIA;DOCUMENTS
600741;3505;DEP.ENFER.INF.VASCU.PEQ.(VPV)  Mod 3505;FOTOCOPIA;DOCUMENTS
600742;3506;INFOR.CISTEAMINA  Mod 3506;FOTOCOPIA;DOCUMENTS
600743;3507;INFOR.REPLAGAL  Mod 3507;FOTOCOPIA;DOCUMENTS
600744;3508;INFOR.FABRAZYME  Mod 3508;FOTOCOPIA;DOCUMENTS
600746;3510;DEP.ENFER.GLOMERULO.MEMBRAN.  Mod 3510;FOTOCOPIA;DOCUMENTS
600747;3511;DEP.ENFER.INFOR.NEFRO(NL)CAS  Mod 3511;FOTOCOPIA;DOCUMENTS
600748;3512;DEP.ENFER.INFOR.NEFRO(NL)CAT  Mod 3512;FOTOCOPIA;DOCUMENTS
600749;3532;FORMULARI CONFLIC.INTERESOS  Mod 3532;FOTOCOPIA;DOCUMENTS
600750;3533;DEP.ENFER.INFOR.RITUXIMAB  Mod 3533;FOTOCOPIA;DOCUMENTS
600751;3534;DEP.ENFER,INFOR.ECULIZUMAB  Mod 3534;FOTOCOPIA;DOCUMENTS
600752;3535;INCLUSIO REGISTRE LLISTES  Mod 3535;FOTOCOPIA;DOCUMENTS
600753;3536;DEP.ENFER.CICLOFOSFAMIDA  Mod 3536;FOTOCOPIA;DOCUMENTS
600754;3539;COMUNICAT INCIDENCIES TSNU  Mod 3539;FOTOCOPIA;DOCUMENTS
600755;3541;LITOTR.EXTRAC.ONES BAJA Mod 3541 b;FOTOCOPIA;DOCUMENTS
600756;3542;LITROT EXTRAC.ONES LEOX CAT  Mod 3542;FOTOCOPIA;DOCUMENTS
600757;3543;SOL.LICITUD PRESTE MATER/APA  Mod 3543;FOTOCOPIA;DOCUMENTS
600758;3544;REQUISITS MAT/APAR CURSO EXT  Mod 3544;FOTOCOPIA;DOCUMENTS
600759;3545;DETALLS RELLEVANTS CIRUGIA  Mod 3545;FOTOCOPIA;DOCUMENTS
600760;3546;DEP.ENFER.RECO.DATOS.TEST.PE.  Mod 3546;FOTOCOPIA;DOCUMENTS
600761;3547;DEP.ENFER.REC.LIQ.PE.24H.DPA  Mod 3547;FOTOCOPIA;DOCUMENTS
600762;3548;DEP.ENFER.REC.LI.PE.24H.DPCA  Mod 3548;FOTOCOPIA;DOCUMENTS
600763;3549;INSTRUC.RECOLL.ORINA I CRIST  Mod 3549;FOTOCOPIA;DOCUMENTS
600764;3550;INFOR.CITOLOG I POLIOMA.ORIN  Mod 3550;FOTOCOPIA;DOCUMENTS
600766;3552;DEP.ENFER.LITROT.EXTR.INGLES  Mod 3552;FOTOCOPIA;DOCUMENTS
600767;3554;DEP.ENFER.CENTRAL.ESTER.N/C  Mod 3554;FOTOCOPIA;DOCUMENTS
600768;3555;INSTRUCC. ORINA MOSTRA BIO  Mod 3555;FOTOCOPIA;DOCUMENTS
600769;3557;DEP.ENFER.EQUIP ENFER.PEDIAT.  Mod 3557;FOTOCOPIA;DOCUMENTS
600770;3560;PETICIO DE PROGRAM DE VISITA  Mod 3560;FOTOCOPIA;DOCUMENTS
600771;3562;INFOR.LINEZOLID  Mod 3562;FOTOCOPIA;DOCUMENTS
600772;3563;INFOR.VORICONAZOL  Mod 3563;FOTOCOPIA;DOCUMENTS
600773;3565;INFOR.JINARC.CATALÀ  Mod 3565;FOTOCOPIA;DOCUMENTS
600774;3566;TABLA SEGUIMIENTO TOLVAPTAN  Mod 3566;FOTOCOPIA;DOCUMENTS
600775;3567;INFOR.JINARC CASTELLANO  Mod 3567;FOTOCOPIA;DOCUMENTS
600777;3572;ENFERMEDA.RENAL HEREDITARIAS  Mod 3572;FOTOCOPIA;DOCUMENTS
600778;3573;MALALTIES RENAL HEREDITARIES  Mod 3573;FOTOCOPIA;DOCUMENTS
600782;4004;CONTROL ACCESO DEPEN.CONSERJ  Mod 4004;FOTOCOPIA;DOCUMENTS
600785;4007;DEP.ENFER.TRAC.FARMACOLÒLIC  Mod 4007;FOTOCOPIA;DOCUMENTS
600800;4032;PNT.OTORGACIONS I REGIS.DON  Mod 4032;FOTOCOPIA;DOCUMENTS
600806;4040;SOL.LICITUD APROB.ATORG AJUT.  Mod 4040;FOTOCOPIA;DOCUMENTS
600834;4078;SOL.LICITUD CANVI HORARI  Mod 4078;FOTOCOPIA;DOCUMENTS
600848;5000;CONTROL DE ENTRADAS  Mod 5000;FOTOCOPIA;DOCUMENTS
600858;5013;MOVIMIENTO DE ACTIVO FIJOS  Mod 5013;FOTOCOPIA;DOCUMENTS
600859;5014;COMANDA DE MATERIAL OFICINA  Mod 5014;FOTOCOPIA;DOCUMENTS
600860;5018;MODIF.CONCEPTOS RETRIBUTIVOS  Mod 5018;FOTOCOPIA;DOCUMENTS
600911;9200;HOJA INFORMAT.GABINETE ANDRO  Mod 9200;FOTOCOPIA;DOCUMENTS
600912;9201;INSTRUC.FACTURACIO CAIXA  Mod 9201;FOTOCOPIA;DOCUMENTS
600913;9202;INSTRUC.PROVES RADIOLÒGICAS  Mod 9202;FOTOCOPIA;DOCUMENTS
600914;35348;INFOR.ECULIZUMAB  Mod 35348;FOTOCOPIA;DOCUMENTS
600925;3276;INFORMACION PACIENTE EN DP Mod 3276;FOTOCOPIA;DOCUMENTS
600938;3277;INFOR.PACIENTE HD PERITONEAL  Mod 3277;FOTOCOPIA;DOCUMENTS
600940;3273;PROCEDIMIENTO BAXTER  Mod 3273;FOTOCOPIA;DOCUMENTS
600942;3276;INFOR.PACIEN.DIALISIS.PERITON Mod 3276;FOTOCOPIA;DOCUMENTS
600946;3274;PROCEDIMENT CONEX.STAY-SAFE  Mod 3274;FOTOCOPIA;DOCUMENTS
600955;3356;DEP.ENFER.¿QUE ES GORETEX?  Mod 3356;FOTOCOPIA;DOCUMENTS
601018;3496;DEP.ENFER.AMOLOID.PRIMAR.CAT  Mod 3496;FOTOCOPIA;DOCUMENTS
601019;3602;DEP.ENFER.RECOM.HIG,TENCKHOFF Mod 3602;FOTOCOPIA;DOCUMENTS
601023;3605;DEP.EMFER.NEFRO.OPCI.TRAC.SUBS Mod 3605;FOTOCOPIA;DOCUMENTS
601033;3604;DEP.EMFER.BAIXA GREIXOS  Mod 3604;FOTOCOPIA;DOCUMENTS
601035;3592;DEP.ENFER.OPC.TRAT.SUST  Mod 3592;FOTOCOPIA;DOCUMENTS
601036;3588;DEP.ENFER.BAJA POTASIO  Mod 3588;FOTOCOPIA;DOCUMENTS
601037;3587;DEP.ENFER BAJA EN FOSFORO  Mod 3587;FOTOCOPIA;DOCUMENTS
601039;3582;DEP.ENFER.DIETA BAJA EN SAL  Mod 3582;FOTOCOPIA;DOCUMENTS
601040;3581;DEP.ENFER.DIETA BAJA GRASAS  Mod 3581;FOTOCOPIA;DOCUMENTS
601041;3595;DEP.ENFER.PRO.CONEX.CICLADORA  Mod 3595;FOTOCOPIA;DOCUMENTS
601045;3606;DEP.ENFER.DIETA BAIXA POTASI  Mod 3606;FOTOCOPIA;DOCUMENTS
601050;3607;DEP.ENFER.D.HIPOP/HIPO B.POT/FOS MOD3607;FOTOCOPIA;DOCUMENTS
601052;3594;DEP.ENFER.PROC.CON.CICLADO.CAT  Mod 3594;FOTOCOPIA;DOCUMENTS
601053;3591;DEP.ENFER.CONEX.CICLAD(HOME)  Mod 3591;FOTOCOPIA;DOCUMENTS
601055;3590;DEP.ENFER.PROC.CON.CICLO.SLEEP  Mod 3590;FOTOCOPIA;DOCUMENTS
601057;3589;DEP.ENFER.REC.HIG.DIE.PAC.DP  Mod 3589;FOTOCOPIA;DOCUMENTS
601067;3498;DEP.EMFER.NEFRO.MESA.IGA.CAT  Mod 3498;FOTOCOPIA;DOCUMENTS
601075;3608;MATERIAL CUINA MAGATZEM MOD.3608;FOTOCOPIA;DOCUMENTS
601087;3609;DEP.ENFER.HIPER.ARTE I RENAL  Mod 3609;FOTOCOPIA;DOCUMENTS
601126;3612;DEP.ENFER.FORM.REPR.CAST  Mod 3612;FOTOCOPIA;DOCUMENTS
601128;3610;I.A.D INFORM.GENERAL  Mod 3610;FOTOCOPIA;DOCUMENTS
601135;3611;DEP.ENFER.FORM.MEDIC.REPR Mod 3611;FOTOCOPIA;DOCUMENTS
601176;3571;DEP.ENFER.EVEROLIMUS CAT Mod 3571;FOTOCOPIA;DOCUMENTS
601185;3617;COMPROMIS EXPRÉS DE CONF.  Mod 3617;FOTOCOPIA;DOCUMENTS
601245;3618;DEP.ENFER.RISC CAIGUDES  Mod 3618;FOTOCOPIA;DOCUMENTS
601405;3705;SOL.LICITUD CANVI/MOD HOR.PRIV MOD.3705;FOTOCOPIA;DOCUMENTS
601408;3707;DEP.ENFER.RESPONSABILIT.PROFE. MOD 3707;FOTOCOPIA;DOCUMENTS
601410;3708;DEP.ENFER.QÜESTIO.PREING.COVID. MOD.3708;FOTOCOPIA;DOCUMENTS
601436;3720;DEP.ENFER.INV.PERTENENCIAS MOD.3720;FOTOCOPIA;DOCUMENTS
601438;3722;DEP.ENFER.REC.PAC.AÏLL.DOM.C-19 MOD.3722;FOTOCOPIA;DOCUMENTS
601442;3718;DEP.ENFER.CHECK.LIS.EPIS.FOR,COV MOD3718;FOTOCOPIA;DOCUMENTS
601446;3723;DEP.ENFER.REC.PAC.AIS.DOM.COV-19MOD.3723;FOTOCOPIA;DOCUMENTS
601448;3724;DEP.ENFER.INF.PACI.DURANT-COV-2 MOD.3724;FOTOCOPIA;DOCUMENTS
601452;3717;DEP.ENFER.CHEKC.LIS.COL.EPI COV.MOD 3717;FOTOCOPIA;DOCUMENTS
601465;3726;DEP.ENFER.INF.PACI.INGRES-COV-2 MOD.3726;FOTOCOPIA;DOCUMENTS
601478;3727;DEP.ENFER.INF.INFOR.EXTRAC.ÓRGA.MOD.3727;FOTOCOPIA;DOCUMENTS
601508;3767;DERECHO PORTABILIDAD MOD.3767 (F);FOTOCOPIA;DOCUMENTS
601510;3760;DRET SUPRESSIÓ MOD.3760 (F);FOTOCOPIA;DOCUMENTS
601512;3758;DRET RECTIFICACIÓ MOD.3758 (F);FOTOCOPIA;DOCUMENTS
601515;3744;DRET PORTABILITAT MOD.3744 (F);FOTOCOPIA;DOCUMENTS
601518;3777;DERECHO SUPRESIÓN MOD.3777 (F);FOTOCOPIA;DOCUMENTS
601519;3756;DERECHO RECTIFICACIÓN MOD.3756 (F);FOTOCOPIA;DOCUMENTS
601520;3754;DERECHO ACCESO MOD.3754 (F);FOTOCOPIA;DOCUMENTS
601522;3782;DRET LIMITACIÓ MOD.3782 (F);FOTOCOPIA;DOCUMENTS
601523;3781;DERECHO LIMITACIÓN MOD.3781 (F);FOTOCOPIA;DOCUMENTS
601525;3755;DRET D'ACCÉS MOD.3755 (F);FOTOCOPIA;DOCUMENTS
601528;3771;DRET OPOSICIÓ MOD.3771 (F);FOTOCOPIA;DOCUMENTS
601531;3776;CUIDADOS NEFROSTOMIA MOD.3776;FOTOCOPIA;DOCUMENTS
601535;3769;DERECHO DE OPOSICIÓN MOD.3769 (F);FOTOCOPIA;DOCUMENTS
601539;3778;CUIDADOS NEFROSTOMIA_CAT MOD.3778;FOTOCOPIA;DOCUMENTS
601556;3793;RECOLLIDA DE DOC ASSITENCIAL  Mod.3793;FOTOCOPIA;DOCUMENTS
601558;3794;CONSULTES TELEFÒNIQUES  Mod.3794;FOTOCOPIA;DOCUMENTS
601621;3804;DEP.ENFER.INFORME BOTOX  Mod 3804;FOTOCOPIA;DOCUMENTS
601626;3803;DEP.ENFER.ENTRAD DIP.CADAVER  Mod 3803;FOTOCOPIA;DOCUMENTS
601628;3568;ENFERMEDAD RENAL HEREDITARIAS  Mod 3568;FOTOCOPIA;DOCUMENTS
601629;3564;ENFERMEDADES GLOMERULARES MOD.3564;FOTOCOPIA;DOCUMENTS
601646;3805;COMP.CONFID.DAT.PERS.EXTERNAS  Mod 3805;FOTOCOPIA;DOCUMENTS
601676;5201;INSTRUC.FACTURACIO PRIVATS  Mod 5201;FOTOCOPIA;DOCUMENTS
601678;5560;PETICIO PROGRAM. VISITA PRIVATS Mod 5560;FOTOCOPIA;DOCUMENTS
601685;3842;REG.CONTR.BIOLÒG.ESTER V-PRO Mod 3842;FOTOCOPIA;DOCUMENTS
601686;3841;REG.CONTR.BIOLÒ.ESTER.ENDOS Mod 3841;FOTOCOPIA;DOCUMENTS
601725;3844;DEP.ENFER.INF.HOSP/SER.FUNERAL  Mod 3844;FOTOCOPIA;DOCUMENTS
601745;3847;INFOM.VANCOMICINA VIA ORAL Mod 3847;FOTOCOPIA;DOCUMENTS
601755;3482;INSTRUC.ARP  Mod 3482;FOTOCOPIA;DOCUMENTS
601756;3886;INSTRUC. METANEFRINAS   Mod 3886;FOTOCOPIA;DOCUMENTS
601875;3918;INFOR.INGRES.COV-19   Mod 3918;FOTOCOPIA;DOCUMENTS
601877;3950;INFOR.CIRUGIA AMBULATORIO Mod 3950;FOTOCOPIA;DOCUMENTS
601935;4022;DEP.ENFER.PROTES.PENE.HIDRAU.MOD.4022;FOTOCOPIA;DOCUMENTS
601936;4025;DEP.ENFER.VIRIREC 3MG/G CREMA  Mod 4025;FOTOCOPIA;DOCUMENTS
601937;4026;DEP.ENFER.IMPLAN.PROTES.MALE  Mod 4026;FOTOCOPIA;DOCUMENTS
601975;4110;AUTORITZACIÓ MOSTRES RAÇA ESPECIF. 4110;FOTOCOPIA;DOCUMENTS
602115;4178;CONFORMIDAD DIRECCIÓN MEDICA  MOD.4178;FOTOCOPIA;DOCUMENTS
602176;4190;DEP.ENFER.CONSUL.MAL.REN  Mod 4190;FOTOCOPIA;DOCUMENTS
602205;3779;DEP.ENFER.CURES CATÈTER NEF  Mod 3779;FOTOCOPIA;DOCUMENTS
600220;2007;H.C CONSULTA MED.INTERHOSPITAL  Mod 2007;MP-44;DOCUMENTS
600271;2078;CONTROL C.A.P.  Mod 2078;MP-41;DOCUMENTS
600283;2093;PLAN DE CUIDADOS EST.REMEX FEM  Mod 2093;MP-47;DOCUMENTS
600435;3131;CONSULTORIOS RESG.PROX.VISITA  Mod 3131;MP-32;DOCUMENTS
600436;3132;PETICION CONSULTA EXTERNA PR  Mod 3132;MP-56;DOCUMENTS
600438;3134;PETICION PREST.INGRE.CON COPIA  Mod 3134;MP-41;DOCUMENTS
600448;3145;PETICION PRESTACION ING.PRIVAD  Mod 3145;MP-42;DOCUMENTS
600477;3179;ENCUESTA OPINION HOSPITAL  Mod 3179;MP-53;DOCUMENTS
600482;3187;RECETA IUNA F.P.  Mod 3187;MP-43;DOCUMENTS
600519;3232;PETICION PROGRAMA EXTERNO  Mod 3232;MP-40;DOCUMENTS
600578;3307;HOJA DE DERIVACION  Mod 3307;MP-43;DOCUMENTS
600579;3308;PRESCRIPCIO DE MEDICACIO AMB.  Mod 3308;MP-45;DOCUMENTS
600779;3579;INFOR.FAMILIARS O AMICS PACIEN  Mod 3579;MP-42;DOCUMENTS
600780;4002;COMUNICACION DEL PERSONAL  Mod 4002;MP-41;DOCUMENTS
600801;4034;CONSERJERIA  Mod 4034;MP-43;DOCUMENTS
600810;4044;INFOR.WIFI INGLÉS  Mod 4044;MP-31;DOCUMENTS
600812;4046;INFOR.WIFI ESPAÑOL  Mod 4046;MP-31;DOCUMENTS
600813;4047;INFOR.WIFI CATALA  Mod 4047;MP-31;DOCUMENTS
600816;4055;CARTA GERENCIA MOD.4055;MP-43;DOCUMENTS
600829;4071;NOTA DE CARGO  Mod 4071;MP-42;DOCUMENTS
600841;4090;GUIA HOSPITALITZ. PRIVATS Mod 4090;MP-54;DOCUMENTS
600842;4091;GUIA HOSPITALITZ.L'INSTITUT  Mod 4091;MP-55;DOCUMENTS
600849;5001;RECUENTO Y REPOSICION DE ROPA  Mod 5001;MP-46;DOCUMENTS
600850;5002;COMUNICACION INTERIOR  Mod 5002;MP-40;DOCUMENTS
600854;5006;HOJA COLOCACIÓN PROTESIS  Mod 5006;MP-41;DOCUMENTS
600855;5010;MENU VISITANTES  Mod 5010;MP-51;DOCUMENTS
601096;2048;DOCUMENT REB.TRANS.SANG H.D Mod.2155;MP-45;DOCUMENTS
601317;3028;SOL.LICITUD TRANSPORT SANITARI Mod 3221;MP-42;DOCUMENTS
601426;3703;NOTA INFOR.CITA TELEFÓNICA MOD.3703;MP-46;DOCUMENTS
601666;4052;CARTA PRIVAT MOD.4052;MP-53;DOCUMENTS
601668;3829;BLOC A-5 PRIVAT MOD.3829;MP-52;DOCUMENTS
601795;3890;CONSEN.INF. FIV ICSI Mod.3890;MP-51;DOCUMENTS
600003;3;PAPEL DIN A-4 (FOLIO) PAQUETE 500 UD.;MB-06;MATERIAL ESCRIPTORI
600015;19;FUNDA IDENTIF PACIENTE NEGRA;MP-02;MATERIAL ESCRIPTORI
600018;25;CINTA DYMMO DIGITAL 9MM;MP-05;MATERIAL ESCRIPTORI
600027;38;POS-IT MEDIDA 76X76MM;MP-09;MATERIAL ESCRIPTORI
600028;39;POS-IT MEDIDA 38X51MM;MP-09;MATERIAL ESCRIPTORI
600037;51;TAPAS ENCUADERNAR PLASTICO TR.;MP-39;MATERIAL ESCRIPTORI
600056;;GRAPAS 24/6;MP-09;MATERIAL ESCRIPTORI
600057;;CLIPS LABIADOS N.2 APLI 11711;MP-05;MATERIAL ESCRIPTORI
600058;103;ROTULADOR VELLEDA ROJO;MP-08;MATERIAL ESCRIPTORI
600059;104;CLIPS MARIPOSA Nº20;MP-05;MATERIAL ESCRIPTORI
600060;106;CHINCHETAS;MP-05;MATERIAL ESCRIPTORI
600061;107;GOMAS ELASTICAS N.8 (1,5MMx8CM);MP-10;MATERIAL ESCRIPTORI
600063;109;ROTULADOR VELLEDA NEGRO;MP-08;MATERIAL ESCRIPTORI
600064;11;REGLAS 30CM;MP-06;MATERIAL ESCRIPTORI
600066;112;GOMAS ELASTICAS N.12 (2MMx8CM);MP-10;MATERIAL ESCRIPTORI
600069;116;PINZA PETRUS 50MM;MP-05;MATERIAL ESCRIPTORI
600074;122;PINZA PETRUS 30MM;MP-05;MATERIAL ESCRIPTORI
600075;123;PINZA PETRUS 19MM;MP-05;MATERIAL ESCRIPTORI
600076;127;PINZA PORTADISTINTIVO;MP-11;MATERIAL ESCRIPTORI
600084;2;LAPICES GRAFITO;MP-07;MATERIAL ESCRIPTORI
600085;201;LAPICES BICOLOR;MP-07;MATERIAL ESCRIPTORI
600087;203;BOLIGRAFO  NEGRO;MP-07;MATERIAL ESCRIPTORI
600089;205;ROTULADOR EDDING-1200 ROJO;MP-07;MATERIAL ESCRIPTORI
600090;206;ROTULADOR EDDING-1200 NEGRO;MP-07;MATERIAL ESCRIPTORI
600091;207;ROTULADOR EDDING-3000 NEGRO;MP-07;MATERIAL ESCRIPTORI
600093;209;ROTULADOR EDDING-3000 ROJO;MP-07;MATERIAL ESCRIPTORI
600097;214;BORRADOR  VELLEDA REF.15MAGN;MP-10;MATERIAL ESCRIPTORI
600098;215;TINTA CHINA 1L NEGRO R.211664;MP-01;MATERIAL ESCRIPTORI
600099;216;GOMAS DE BORRAR;MP-08;MATERIAL ESCRIPTORI
600102;219;ROTULADOR FLOURESCENTE MARCADOR AMARILLO;MP-08;MATERIAL ESCRIPTORI
600104;222;ROTULADOR LUMOCOLOR NEGRO;MP-08;MATERIAL ESCRIPTORI
600113;234;BOLIGRAFO  ROJO;MP-07;MATERIAL ESCRIPTORI
600114;235;BOLIGRAFO  AZUL;MP-07;MATERIAL ESCRIPTORI
600148;305;CARTUCHO TINTA FRANQUEA F4-F6;MP-01;MATERIAL ESCRIPTORI
600150;308;TIPP EX FLUID;MP-08;MATERIAL ESCRIPTORI
600151;311;PAPEL CARBON MANO;MP-28;MATERIAL ESCRIPTORI
600154;404;LIBRETA ESPIRAL NORMAL 1/4;MP-24;MATERIAL ESCRIPTORI
600156;406;LIBRETA ESPIRAL PEQUEÑA 1/16;MP-24;MATERIAL ESCRIPTORI
600157;407;CUTTER PLASTICO;MP-09;MATERIAL ESCRIPTORI
600159;41;LIBRETA ESPIRAL FOLIO;MP-24;MATERIAL ESCRIPTORI
600160;501;ARCHIVADOR D-4 NEGRO C/CAJA;MO-42;MATERIAL ESCRIPTORI
600161;502;CARPETAS 2 ANILLAS LOMO ANCHO;MP-29;MATERIAL ESCRIPTORI
600162;503;ARCHIVADOR DEFINITIVO FOLIO;MP-12;MATERIAL ESCRIPTORI
600164;505;CARPETAS CON GOMA Y BOLSA;MP-28;MATERIAL ESCRIPTORI
600165;506;CARPETAS NEGRA PARA CURSOS;MP-28;MATERIAL ESCRIPTORI
600166;507;CARPETA MARRON D-4;MP-26;MATERIAL ESCRIPTORI
600167;509;CARPETAS PLASTICO TRANSP D-4;MP-25;MATERIAL ESCRIPTORI
600171;514;SEPARADOR A4 COLORES ARCHIVADOR;MP-27;MATERIAL ESCRIPTORI
600174;521;SEPARADOR P/ARCHIVADOR ABC;MP-27;MATERIAL ESCRIPTORI
600176;523;FUNDA PLASTICO CON AGUJEROS D4;MP-25;MATERIAL ESCRIPTORI
600178;6;ETIQUETAS BLANCA MEDIDA 25X40;MP-33;MATERIAL ESCRIPTORI
600180;602;ETIQUETAS BLANCA MEDIDA 34X53;MP-33;MATERIAL ESCRIPTORI
600182;604;ETIQUETAS RIÑON IZQUIERDO;MP-32;MATERIAL ESCRIPTORI
600183;605;ETIQUETAS RIÑON DERECHO;MP-32;MATERIAL ESCRIPTORI
600184;606;ETIQUETAS BLANCA MEDIDA 53X82;MP-33;MATERIAL ESCRIPTORI
600185;607;ROLLO CELO;MP-06;MATERIAL ESCRIPTORI
600186;608;ROLLO PRECINTO;MP-02;MATERIAL ESCRIPTORI
600187;609;ETIQUETAS BLANCA MEDIDA 19X27;MP-33;MATERIAL ESCRIPTORI
600188;61;ETIQUETAS BLANCA MEDIDA 13X50;MP-33;MATERIAL ESCRIPTORI
600189;611;ROLLO PLOTER CANON IJM260;MP-30;MATERIAL ESCRIPTORI
600190;612;PEGAMENTO LAPIZ PRITT 40G;MP-06;MATERIAL ESCRIPTORI
600192;614;CINTA DYMMO DIGITAL 12MM;MP-05;MATERIAL ESCRIPTORI
600193;615;CINTA DYMMO DIGITAL 6MM;MP-05;MATERIAL ESCRIPTORI
600194;616;CINTA DYMMO DIGITAL 19MM;MP-05;MATERIAL ESCRIPTORI
600195;617;CARPETAS ESCAPARATE 40 FUNDAS;MP-27;MATERIAL ESCRIPTORI
600198;621;SOBRE PEQUEÑO FARMACIA 53X56;MP-18;MATERIAL ESCRIPTORI
600200;623;ROLLO TRANSPARENTE MAGIC 810;MP-06;MATERIAL ESCRIPTORI
600201;625;ROLLO PAPEL REGALO 100MTS;MP-21;MATERIAL ESCRIPTORI
600203;;SACAPUNTAS;MP-07;MATERIAL ESCRIPTORI
600205;1003;MAQUINAS GRAPADORAS;MP-11;MATERIAL ESCRIPTORI
600206;1004;MAQUINAS TALADRADORAS;MP-11;MATERIAL ESCRIPTORI
600207;1005;SACAGRAPAS;MP-09;MATERIAL ESCRIPTORI
600208;1007;TIJERAS 16CM;MP-09;MATERIAL ESCRIPTORI
600210;;BANDEJA DE PLASTICO NEGRA;MP-22;MATERIAL ESCRIPTORI
600214;1024;PORTARROLLOS CEL-LO;MP-10;MATERIAL ESCRIPTORI
600366;3053;TARJETA PACIENTE IUNA;MP-23;MATERIAL ESCRIPTORI
600415;3110;ETIQUETAS SUEROS MOD.3110;MP-34;MATERIAL ESCRIPTORI
600527;324;ETIQUETA FARMACO;MP-32;MATERIAL ESCRIPTORI
600781;4003;CARPETAS CARTON D-4 BLANCA MOD.4003;MP-51;MATERIAL ESCRIPTORI
600792;4016;CONTRATAPA DE ENCUADERNAR F.P;MP-44;MATERIAL ESCRIPTORI
600802;4036;TARJETA LA CLINICA MOD.4036;MP-32;MATERIAL ESCRIPTORI
600805;4039;SOBRE CORREO INTERIOR cod 4039;MP-20;MATERIAL ESCRIPTORI
600820;4060;SOBRE AMERICANO SIN VENTANILLA MOD.4060;MP-15;MATERIAL ESCRIPTORI
600821;4061;SOBRE 23X15 CMS.;MP-15;MATERIAL ESCRIPTORI
600824;4064;SOBRE DOCUMENTACION PACIENTE MOD.4064;MP-14;MATERIAL ESCRIPTORI
600825;4067;SOBRE TRABAJOS 26x36 MOD.4067;MP-19;MATERIAL ESCRIPTORI
600826;4068;SOBRE ACOLCHADO D-4;MP-26;MATERIAL ESCRIPTORI
600835;4082;SOBRE TRABAJO TAMAÑO D-4 MOD.4082;MP-14;MATERIAL ESCRIPTORI
600840;4087;SOBRE BOLSA ACOLCHADO PEQ 14AK;MP-26;MATERIAL ESCRIPTORI
600866;7;ROLLO ETIQUETAS 75X40;MP-36;MATERIAL ESCRIPTORI
600867;7001;CINTA IMPRESORA ETIQ.83X450;MP-03;MATERIAL ESCRIPTORI
600868;7002;ROLLO ETIQUETAS 37X21;MP-35;MATERIAL ESCRIPTORI
600869;7003;ROLLO ETIQUETAS BOLSA SANGRE 100x100;MP-35;MATERIAL ESCRIPTORI
600870;7004;ROLLO ETIQUETAS POLIETILENO FARMACIA;MP-35;MATERIAL ESCRIPTORI
600873;7007;ROLLO ETIQUETA 75X40 NUCLEO 25;MP-34;MATERIAL ESCRIPTORI
600874;7008;CINTA IMPRESORA ETIQ.84X75 PEQ;MP-04;MATERIAL ESCRIPTORI
600875;7009;ROLLO ETIQUETA 76X28CM LAB.;MP-35;MATERIAL ESCRIPTORI
600876;701;CINTA IMPRESORA ETIQ.84X60 LAB;MP-04;MATERIAL ESCRIPTORI
601476;3038;ETIQUETAS AMARILLAS DE ORINA;MP-32;MATERIAL ESCRIPTORI
601486;4076;SOBRE  VENTANILLA  DERECHA F.P MOD.4099;MP-17;MATERIAL ESCRIPTORI
601656;;ROLLO PAPEL TERMICO TICKETS;MP-37;MATERIAL ESCRIPTORI
601670;3830;TARJETA NOTAS PRIVAT MOD.3830;MP-52;MATERIAL ESCRIPTORI
601674;4057;SOBRE 162x229 PRIVAT MOD.4057;MP-54;MATERIAL ESCRIPTORI
601846;;TARJETON PRIVADO PLEGADO;MP-52;MATERIAL ESCRIPTORI
601915;1009;TACO SOBREMESA PRIV.;MP-52;MATERIAL ESCRIPTORI
